Workbook
Name Slicer_year: #N/A

Sheet tariff_timeline
A1: date | B1: imposing_country | C1: target_country | D1: Country_Full Name | E1: sector | F1: tariff_rate_pct | G1: prev_rate_pct | H1: type | I1: legal_basis | J1: estimated_trade_value_usd_bn | K1: retaliation | L1: source | M1: notes | N1: tariff_rate_delta | O1: year | P1: quarter | Q1: month
A2: 43167 | B2: USA | C2: ALL | D2: =VLOOKUP(Table1[[#This Row],[imposing_country]],Sheet8!$A$1:$B$7,2,0) -> United States | E2: Steel | F2: 25 | G2: 0 | H2: New Tariff | I2: Section 232 | J2: 29 | K2: FALSE | L2: Federal Register | M2: Trump signs 25% global steel tariffs under national security grounds | N2: 25 | O2: 2018 | P2: 2018Q1 | Q2: 2018-03
A3: 43167 | B3: USA | C3: ALL | D3: =VLOOKUP(Table1[[#This Row],[imposing_country]],Sheet8!$A$1:$B$7,2,0) -> United States | E3: Aluminum | F3: 10 | G3: 0 | H3: New Tariff | I3: Section 232 | J3: 17 | K3: FALSE | L3: Federal Register | M3: Trump signs 10% global aluminum tariffs under national security grounds | N3: 10 | O3: 2018 | P3: 2018Q1 | Q3: 2018-03
A4: 43252 | B4: EU27 | C4: United States | D4: =VLOOKUP(Table1[[#This Row],[imposing_country]],Sheet8!$A$1:$B$7,2,0) -> European Union (27 European countries group) | E4: Steel, Consumer, Agriculture | F4: 25 | G4: 0 | H4: Retaliation | I4: EU Safeguard Regulation | J4: 3.4 | K4: TRUE | L4: European Commission | M4: EU retaliates on Harley-Davidson, bourbon, steel with 25% duties | N4: 25 | O4: 2018 | P4: 2018Q2 | Q4: 2018-06
A5: 43252 | B5: CAN | C5: United States | D5: =VLOOKUP(Table1[[#This Row],[imposing_country]],Sheet8!$A$1:$B$7,2,0) -> Canada | E5: Steel, Aluminum, Consumer | F5: 25 | G5: 0 | H5: Retaliation | I5: Customs Tariff Act | J5: 16.6 | K5: TRUE | L5: Canada.ca | M5: Canada dollar-for-dollar retaliation on C$16.6B of US goods | N5: 25 | O5: 2018 | P5: 2018Q2 | Q5: 2018-06
A6: 43256 | B6: MEX | C6: United States | D6: =VLOOKUP(Table1[[#This Row],[imposing_country]],Sheet8!$A$1:$B$7,2,0) -> Mexico | E6: Steel, Pork, Cheese, Apples | F6: 20 | G6: 0 | H6: Retaliation | I6: Mexican Customs Law | J6: 3 | K6: TRUE | L6: Economy Ministry Mexico | M6: Mexico targets US farm products and steel in tit-for-tat retaliation | N6: 20 | O6: 2018 | P6: 2018Q2 | Q6: 2018-06
A7: 43287 | B7: USA | C7: China | D7: =VLOOKUP(Table1[[#This Row],[imposing_country]],Sheet8!$A$1:$B$7,2,0) -> United States | E7: Tech, Industrial, Aerospace | F7: 25 | G7: 0 | H7: New Tariff | I7: Section 301 | J7: 34 | K7: FALSE | L7: USTR.gov | M7: List 1: $34B in Chinese tech goods hit with 25% tariffs | N7: 25 | O7: 2018 | P7: 2018Q3 | Q7: 2018-07
A8: 43287 | B8: CHN | C8: United States | D8: =VLOOKUP(Table1[[#This Row],[imposing_country]],Sheet8!$A$1:$B$7,2,0) -> China | E8: Agriculture, Autos, Seafood | F8: 25 | G8: 0 | H8: Retaliation | I8: MOFCOM Order | J8: 34 | K8: TRUE | L8: MOFCOM | M8: China retaliates on $34B US goods â€” soybeans, autos, pork | N8: 25 | O8: 2018 | P8: 2018Q3 | Q8: 2018-07
A9: 43335 | B9: USA | C9: China | D9: =VLOOKUP(Table1[[#This Row],[imposing_country]],Sheet8!$A$1:$B$7,2,0) -> United States | E9: Semiconductors, Chemicals, Rail | F9: 25 | G9: 0 | H9: New Tariff | I9: Section 301 | J9: 16 | K9: FALSE | L9: USTR.gov | M9: List 2: additional $16B in Chinese goods | N9: 25 | O9: 2018 | P9: 2018Q3 | Q9: 2018-08
A10: 43335 | B10: CHN | C10: United States | D10: =VLOOKUP(Table1[[#This Row],[imposing_country]],Sheet8!$A$1:$B$7,2,0) -> China | E10: Coal, Oil, Medical, Autos | F10: 25 | G10: 0 | H10: Retaliation | I10: MOFCOM Order | J10: 16 | K10: TRUE | L10: MOFCOM | M10: China's List 2 retaliation â€” oil, coal, medical equipment | N10: 25 | O10: 2018 | P10: 2018Q3 | Q10: 2018-08
A11: 43367 | B11: CHN | C11: United States | D11: =VLOOKUP(Table1[[#This Row],[imposing_country]],Sheet8!$A$1:$B$7,2,0) -> China | E11: LNG, Agriculture, Aircraft | F11: 10 | G11: 0 | H11: Retaliation | I11: MOFCOM Order | J11: 60 | K11: TRUE | L11: MOFCOM | M11: China's $60B List 3 retaliation at 5â€“10% | N11: 10 | O11: 2018 | P11: 2018Q3 | Q11: 2018-09
A12: 43367 | B12: USA | C12: China | D12: =VLOOKUP(Table1[[#This Row],[imposing_country]],Sheet8!$A$1:$B$7,2,0) -> United States | E12: Consumer Goods, Furniture, Electronics | F12: 10 | G12: 0 | H12: New Tariff | I12: Section 301 | J12: 200 | K12: FALSE | L12: USTR.gov | M12: List 3: $200B of Chinese goods at 10% (rising to 25% in May 2019) | N12: 10 | O12: 2018 | P12: 2018Q3 | Q12: 2018-09
A13: 43595 | B13: USA | C13: China | D13: =VLOOKUP(Table1[[#This Row],[imposing_country]],Sheet8!$A$1:$B$7,2,0) -> United States | E13: Consumer Goods, Furniture, Electronics | F13: 25 | G13: 10 | H13: Escalation | I13: Section 301 | J13: 200 | K13: FALSE | L13: USTR.gov | M13: List 3 tariffs raised from 10% to 25% after trade talks break down | N13: 15 | O13: 2019 | P13: 2019Q2 | Q13: 2019-05
... A43: 45853 | B43: IND | C43: United States | D43: =VLOOKUP(Table1[[#This Row],[imposing_country]],Sheet8!$A$1:$B$7,2,0) -> India | E43: Agriculture | F43: 100 | G43: 40 | H43: Retaliation | I43: Customs Tariff Act 1975 | J43: 8 | K43: TRUE | L43: MoCI India | M43: India retaliates with 100% duties on US farm products | N43: 60 | O43: 2025 | P43: 2025Q3 | Q43: 2025-07
A44: 46122 | B44: USA | C44: Global | D44: =VLOOKUP(Table1[[#This Row],[imposing_country]],Sheet8!$A$1:$B$7,2,0) -> United States | E44: General | F44: 10 | G44: 0 | H44: NewsAPI | K44: FALSE | L44: The Times of India | M44: US trade court weighs legality of Trump 10% global tariff | N44: 10 | O44: 2026 | P44: 2026Q2 | Q44: 2026-04
A45: 46123 | B45: USA | C45: Global | D45: =VLOOKUP(Table1[[#This Row],[imposing_country]],Sheet8!$A$1:$B$7,2,0) -> United States | E45: General | F45: 50 | G45: 0 | H45: NewsAPI | K45: FALSE | L45: Naturalnews.com | M45: Trump Threatens 50% Tariffs on Nations Supplying Weapons to Iran | N45: 50 | O45: 2026 | P45: 2026Q2 | Q45: 2026-04
A46: 46125 | B46: USA | C46: China | D46: =VLOOKUP(Table1[[#This Row],[imposing_country]],Sheet8!$A$1:$B$7,2,0) -> United States | E46: General | F46: 50 | G46: 0 | H46: NewsAPI | K46: FALSE | L46: CNBC | M46: Trump threatens 50% tariffs on China as report suggests plans for arms shipment to Iran | N46: 50 | O46: 2026 | P46: 2026Q2 | Q46: 2026-04
A47: 46143 | B47: USA | C47: UK | D47: =VLOOKUP(Table1[[#This Row],[imposing_country]],Sheet8!$A$1:$B$7,2,0) -> United States | E47: General | F47: 25 | G47: 0 | H47: NewsAPI | K47: FALSE | L47: CNBC | M47: UK exports to U.S. plunge by 25% after Trump's 'liberation day' tariffs blitz | N47: 25 | O47: 2026 | P47: 2026Q2 | Q47: 2026-05
A48: 46143 | B48: USA | C48: EU | D48: =VLOOKUP(Table1[[#This Row],[imposing_country]],Sheet8!$A$1:$B$7,2,0) -> United States | E48: General | F48: 25 | G48: 0 | H48: NewsAPI | K48: FALSE | L48: Breitbart News | M48: Trump Says He Will Raise Tariffs on European Cars and Trucks to 25% | N48: 25 | O48: 2026 | P48: 2026Q2 | Q48: 2026-05
A49: 46146 | B49: USA | C49: EU | D49: =VLOOKUP(Table1[[#This Row],[imposing_country]],Sheet8!$A$1:$B$7,2,0) -> United States | E49: General | F49: 25 | G49: 0 | H49: NewsAPI | K49: FALSE | L49: Moby.co | M49: Trump Threatened European Cars With a 25% Tariff. Again. | N49: 25 | O49: 2026 | P49: 2026Q2 | Q49: 2026-05
A50: 46147 | B50: USA | C50: EU | D50: =VLOOKUP(Table1[[#This Row],[imposing_country]],Sheet8!$A$1:$B$7,2,0) -> United States | E50: General | F50: 25 | G50: 0 | H50: NewsAPI | K50: FALSE | L50: Al Jazeera English | M50: US plans to hike tariffs on EU cars to 25% will hit luxury market the most | N50: 25 | O50: 2026 | P50: 2026Q2 | Q50: 2026-05

Sheet Sheet8
A1: Short Form | B1: Full Name
A2: USA | B2: United States
A3: EU27 | B3: European Union (27 European countries group)
A4: CAN | B4: Canada
A5: CHN | B5: China
A6: IND | B6: India
A7: MEX | B7: Mexico

Sheet Detail1
A1: Details for Max of tariff_rate_pct - Country_Full Name : China
A3: date | B3: imposing_country | C3: target_country | D3: Country_Full Name | E3: sector | F3: tariff_rate_pct | G3: prev_rate_pct | H3: type | I3: legal_basis | J3: estimated_trade_value_usd_bn | K3: retaliation | L3: source | M3: notes | N3: tariff_rate_delta | O3: year | P3: quarter | Q3: month
A4: 45772 | B4: CHN | C4: USA | D4: China | E4: All Goods | F4: 125 | G4: 84 | H4: Retaliation | I4: MOFCOM Order | J4: 180 | K4: TRUE | L4: MOFCOM | M4: China raises to 125% â€” announces no further escalations regardless of US actions | N4: 41 | O4: 2025 | P4: 2025Q2 | Q4: 2025-04
A5: 45756 | B5: CHN | C5: USA | D5: China | E5: All Goods | F5: 84 | G5: 34 | H5: Retaliation | I5: MOFCOM Order | J5: 180 | K5: TRUE | L5: MOFCOM | M5: China escalates to 84% retaliatory tariff matching US aggression | N5: 50 | O5: 2025 | P5: 2025Q2 | Q5: 2025-04
A6: 45751 | B6: CHN | C6: USA | D6: China | E6: All Goods | F6: 34 | G6: 15 | H6: Retaliation | I6: MOFCOM Order | J6: 180 | K6: TRUE | L6: MOFCOM | M6: China responds to Liberation Day with blanket 34% tariff on all US goods | N6: 19 | O6: 2025 | P6: 2025Q2 | Q6: 2025-04
A7: 45692 | B7: CHN | C7: USA | D7: China | E7: Agriculture, Energy | F7: 15 | G7: 0 | H7: Retaliation | I7: MOFCOM Order | J7: 80 | K7: TRUE | L7: MOFCOM | M7: China retaliates: 15% on LNG/coal, 10% on crude oil & farm equipment | N7: 15 | O7: 2025 | P7: 2025Q1 | Q7: 2025-02
A8: 45630 | B8: CHN | C8: EU27 | D8: China | E8: Dairy, Pork | F8: 30 | G8: 0 | H8: Retaliation | I8: MOFCOM Order | J8: 3 | K8: TRUE | L8: MOFCOM | M8: China retaliates on EU dairy and pork following EV tariff | N8: 30 | O8: 2024 | P8: 2024Q4 | Q8: 2024-12
A9: 45261 | B9: CHN | C9: ALL | D9: China | E9: Graphite | F9: 100 | G9: 0 | H9: Export Restriction | I9: PRC Export Controls Law | J9: 3 | K9: TRUE | L9: MOFCOM | M9: China restricts graphite exports â€” critical for EV batteries | N9: 100 | O9: 2023 | P9: 2023Q4 | Q9: 2023-12
A10: 43287 | B10: CHN | C10: USA | D10: China | E10: Agriculture, Autos, Seafood | F10: 25 | G10: 0 | H10: Retaliation | I10: MOFCOM Order | J10: 34 | K10: TRUE | L10: MOFCOM | M10: China retaliates on $34B US goods â€” soybeans, autos, pork | N10: 25 | O10: 2018 | P10: 2018Q3 | Q10: 2018-07
A11: 45110 | B11: CHN | C11: ALL | D11: China | E11: Gallium, Germanium | F11: 100 | G11: 0 | H11: Export Restriction | I11: PRC Export Controls Law | J11: 1.5 | K11: TRUE | L11: MOFCOM | M11: China restricts exports of gallium and germanium â€” critical semiconductor materials | N11: 100 | O11: 2023 | P11: 2023Q3 | Q11: 2023-07
A12: 43335 | B12: CHN | C12: USA | D12: China | E12: Coal, Oil, Medical, Autos | F12: 25 | G12: 0 | H12: Retaliation | I12: MOFCOM Order | J12: 16 | K12: TRUE | L12: MOFCOM | M12: China's List 2 retaliation â€” oil, coal, medical equipment | N12: 25 | O12: 2018 | P12: 2018Q3 | Q12: 2018-08
A13: 43367 | B13: CHN | C13: USA | D13: China | E13: LNG, Agriculture, Aircraft | F13: 10 | G13: 0 | H13: Retaliation | I13: MOFCOM Order | J13: 60 | K13: TRUE | L13: MOFCOM | M13: China's $60B List 3 retaliation at 5â€“10% | N13: 10 | O13: 2018 | P13: 2018Q3 | Q13: 2018-09
A14: 43617 | B14: CHN | C14: USA | D14: China | E14: Agriculture, LNG, Chemicals | F14: 25 | G14: 10 | H14: Escalation | I14: MOFCOM Order | J14: 60 | K14: TRUE | L14: MOFCOM | M14: China raises List 3 retaliation rates to match US escalation | N14: 15 | O14: 2019 | P14: 2019Q2 | Q14: 2019-06

Sheet Country Imposed Most Tariffs
A3: Row Labels | B3: Count of source
A4: Al Jazeera English | B4: 1
A5: BIS / Commerce Dept | B5: 1
A6: Breitbart News | B6: 1
A7: Canada.ca | B7: 2
A8: CNBC | B8: 2
A9: Economy Ministry Mexico | B9: 1
A10: European Commission | B10: 4
A11: Federal Register | B11: 3
A12: Moby.co | B12: 1
A13: MoCI India | B13: 1
A14: MOFCOM | B14: 11
A15: Naturalnews.com | B15: 1
... A19: Grand Total | B19: 49

Sheet Sector was Target Most
A1: Row Labels | B1: Count of sector
A2: Agriculture | B2: 1
A3: Agriculture, Autos, Seafood | B3: 1
A4: Agriculture, Energy | B4: 1
A5: Agriculture, LNG, Chemicals | B5: 1
A6: Airbus, Cheese, Wine | B6: 1
A7: All Goods | B7: 10
A8: Aluminum | B8: 1
A9: Coal, Oil, Medical, Autos | B9: 1
A10: Consumer Electronics, Apparel, Footwear | B10: 1
A11: Consumer Goods, Furniture, Electronics | B11: 2
A12: Consumer Goods, Phase 1 Rollback | B12: 1
A13: Consumer Goods, Steel | B13: 1
... A32: Grand Total | B32: 49

Sheet Trend Tariff by Year
A2: Row Labels | B2: Average of tariff_rate_pct
A3: 2018 | B3: 20.454545
A4: 2019 | B4: 21.666667
A5: 2020 | B5: 16.25
A6: 2021 | B6: 0
A7: 2022 | B7: 25
A8: 2023 | B8: 100
A9: 2024 | B9: 48
A10: 2025 | B10: 43.470588
A11: 2026 | B11: 30
A12: Grand Total | B12: 35.438776

Sheet Country wise Tariff 
A2: Row Labels | B2: Average of tariff_rate_pct
A3: ALL | B3: 45
A4: CAN | B4: 25
A5: China | B5: 50
A6: CHN | B6: 36.964286
A7: EU | B7: 25
A8: EU27 | B8: 18.75
A9: Global | B9: 30
A10: IND | B10: 26
A11: MEX | B11: 25
A12: UK | B12: 25
A13: USA | B13: 39.2
A14: Grand Total | B14: 35.438776

Sheet KPI details
A3: Row Labels | B3: Count of Country_Full Name | C3: Max of tariff_rate_pct | D3: Average of tariff_rate_pct | F3: KPI | G3: Which Value
A4: Canada | B4: 2 | C4: 25 | D4: 25 | F4: Highest Tariff | G4: =MAX(C4:C9) -> 145
A5: China | B5: 11 | C5: 125 | D5: 52.090909 | F5: Average Tariff | G5: =SUM(D4:D9) -> 254.04091
A6: European Union (27 European countries group) | B6: 4 | C6: 35 | D6: 27.5 | F6: Most Active Country | G6: =MAX(B4:B9) -> 30
A7: India | B7: 1 | C7: 100 | D7: 100
A8: Mexico | B8: 1 | C8: 20 | D8: 20
A9: United States | B9: 30 | C9: 145 | D9: 29.45
A10: Grand Total | B10: 49 | C10: 145 | D10: 35.438776

Sheet Dashboard
